<?xml version="1.0" encoding="UTF-8"?>
<schema xmlns:xsi="http://www.w3.org/2001/XMLSchema-instance" xsi:noNamespaceSchemaLocation="urn:magento:framework:Setup/Declaration/Schema/etc/schema.xsd">
    <!-- News Categories Table -->
    <table name="trabajos_news_category" resource="default" engine="innodb" comment="News Categories Table">
        <column xsi:type="int" name="id" padding="11" unsigned="true" nullable="false" identity="true" comment="Category ID"/>
        <column xsi:type="smallint" name="store_id" padding="5" unsigned="true" nullable="false" identity="false" default="2" comment="Store Id"/>
        <column xsi:type="varchar" name="name" length="255" nullable="false" comment="Category Name"/>
        <column xsi:type="smallint" name="status" padding="5" unsigned="true" nullable="false" default="1" identity="false" comment="Category Status: Enabled is 1 and Disabled is 2"/>
        <column xsi:type="smallint" name="sort_order" padding="5" unsigned="true" nullable="false" identity="false" comment="Sort Order"/>
        <column xsi:type="timestamp" name="created_at" nullable="false" default="CURRENT_TIMESTAMP" on_update="false" comment="Category Creation Time"/>
        <column xsi:type="timestamp" name="updated_at" nullable="false" default="CURRENT_TIMESTAMP" on_update="true" comment="Category Modification Time"/>
        <constraint xsi:type="primary" referenceId="PRIMARY">
            <column name="id"/>
        </constraint>
        <constraint xsi:type="foreign" referenceId="TRABAJOS_NEWS_CATEGORY_ID_STORE_STORE_ID" table="trabajos_news_category"
                    column="store_id" referenceTable="store" referenceColumn="store_id" onDelete="CASCADE"/>
        <constraint xsi:type="unique" referenceId="TRABAJOS_NEWS_CATEGORY_ID_STORE_ID">
            <column name="id"/>
            <column name="store_id"/>
        </constraint>
        <index referenceId="TRABAJOS_NEWS_CATEGORY_STORE_ID" indexType="btree">
            <column name="store_id"/>
        </index>
        <index referenceId="TRABAJOS_NEWS_CATEGORY_NAME" indexType="fulltext">
            <column name="name"/>
        </index>
    </table>

    <!-- News Article Table -->
    <table name="trabajos_news_article" resource="default" engine="innodb" comment="News Article Table">
        <column xsi:type="int" name="id" padding="11" unsigned="true" nullable="false" identity="true" comment="ID"/>
        <column xsi:type="smallint" name="store_id" padding="5" unsigned="true" nullable="false" identity="false" default="1" comment="Store Id"/>
        <column xsi:type="smallint" name="status" padding="5" unsigned="true" nullable="false" default="1" identity="false" comment="Status: Enabled is 1 and Disabled is 2"/>
        <column xsi:type="varchar" name="title" length="255" nullable="false" comment="Name"/>
        <column xsi:type="varchar" name="short_content" length="255" nullable="false" comment="short content"/>
        <column xsi:type="longtext" name="content" nullable="false" comment="content"/>
        <column xsi:type="varchar" name="image" length="255" nullable="false" default="0" comment="Image"/>
        <column xsi:type="int" name="sort_order" padding="5" unsigned="true" nullable="false" default="1" identity="false" comment="Order"/>
        <column xsi:type="text" name="categories" nullable="false" comment="category ids"/>
        <column xsi:type="varchar" name="year" length="10" nullable="false" default="0" comment="year"/>
        <column xsi:type="varchar" name="related_news" nullable="false" comment="Related News"/>
        <column xsi:type="timestamp" name="created_at" nullable="false" default="CURRENT_TIMESTAMP" on_update="false" comment="Creation Time"/>
        <column xsi:type="timestamp" name="updated_at" nullable="false" default="CURRENT_TIMESTAMP" on_update="true" comment="Modification Time"/>
        <constraint xsi:type="primary" referenceId="PRIMARY">
            <column name="id"/>
        </constraint>
        <constraint xsi:type="foreign" referenceId="TRABAJOS_NEWS_ARTICLE_STORE_ID_STORE_STORE_ID" table="trabajos_news_article"
                    column="store_id" referenceTable="store" referenceColumn="store_id" onDelete="CASCADE"/>
        <constraint xsi:type="unique" referenceId="TRABAJOS_NEWS_ARTICLE_ID_STORE_ID">
            <column name="id"/>
            <column name="store_id"/>
        </constraint>
        <index referenceId="TRABAJOS_NEWS_ARTICLE_STORE_ID" indexType="btree">
            <column name="store_id"/>
        </index>
        <index referenceId="TRABAJOS_NEWS_ARTICLE_TITLE" indexType="fulltext">
            <column name="title"/>
        </index>
    </table>

    <!-- News Category Article relation Table -->
    <table name="trabajos_news_category_article" resource="default" engine="innodb" comment="Coordinadores de Sucursales">
        <column xsi:type="smallint" name="id" padding="5" unsigned="false" nullable="false" identity="true" comment="ID"/>
        <column xsi:type="int" name="category_id" padding="11" unsigned="true" nullable="false" comment="Category ID"/>
        <column xsi:type="int" name="article_id" padding="11" unsigned="true" nullable="false" comment="Article ID"/>
        <constraint xsi:type="primary" referenceId="PRIMARY">
            <column name="id"/>
        </constraint>
        <constraint xsi:type="unique" referenceId="TRABAJOS_NEWS_CATEGORY_ARTICLE_CATEGORY_ID_ARTICLE_ID_">
            <column name="category_id"/>
            <column name="article_id"/>
        </constraint>
        <index referenceId="TRABAJOS_NEWS_CATEGORY_ARTICLE_CATEGORY_ID" indexType="btree">
            <column name="category_id"/>
        </index>
        <index referenceId="TRABAJOS_NEWS_CATEGORY_ARTICLE_ARTICLE_ID" indexType="btree">
            <column name="article_id"/>
        </index>
        <constraint xsi:type="foreign" referenceId="TRABAJOS_NEWS_CATEGORY_ARTICLE_CATEGORY_ID_CATEGORY_" table="trabajos_news_category_article"
                    column="category_id" referenceTable="trabajos_news_category" referenceColumn="id" onDelete="CASCADE"/>      
        <constraint xsi:type="foreign" referenceId="TRABAJOS_NEWS_CATEGORY_ARTICLE_ARTICLE_ID_ARTICLE_" table="trabajos_news_category_article"
                    column="article_id" referenceTable="trabajos_news_article" referenceColumn="id" onDelete="CASCADE"/>            
    </table>

    <!-- Home News Table -->
    <table name="trabajos_news_homenews" resource="default" engine="innodb" comment="Home News Table">
        <column xsi:type="int" name="id" padding="11" unsigned="true" nullable="false" identity="true" comment="Home News ID"/>
        <column xsi:type="smallint" name="store_id" padding="5" unsigned="true" nullable="false" identity="false" default="2" comment="Store Id"/>
        <column xsi:type="varchar" name="title" length="255" nullable="false" comment="Home News Title"/>
        <column xsi:type="smallint" name="status" padding="5" unsigned="true" nullable="false" default="1" identity="false" comment="Home News: Enabled is 1 and Disabled is 2"/>
        <column xsi:type="smallint" name="id_first_article" padding="5" unsigned="true" nullable="true" identity="false" comment="ID First Article"/>
        <column xsi:type="smallint" name="id_second_article" padding="5" unsigned="true" nullable="true" identity="false" comment="ID Second Article"/>
        <column xsi:type="smallint" name="id_third_article" padding="5" unsigned="true" nullable="true" identity="false" comment="ID Third Article"/>
        <column xsi:type="timestamp" name="created_at" nullable="false" default="CURRENT_TIMESTAMP" on_update="false" comment="Home News Creation Time"/>
        <column xsi:type="timestamp" name="updated_at" nullable="false" default="CURRENT_TIMESTAMP" on_update="true" comment="Home News Modification Time"/>
        <constraint xsi:type="primary" referenceId="PRIMARY">
            <column name="id"/>
        </constraint>
        <constraint xsi:type="foreign" referenceId="TRABAJOS_NEWS_HOME_ID_STORE_STORE_ID" table="trabajos_news_homenews"
                    column="store_id" referenceTable="store" referenceColumn="store_id" onDelete="CASCADE"/>
        <constraint xsi:type="unique" referenceId="TRABAJOS_NEWS_HOME_ID_STORE_ID">
            <column name="id"/>
            <column name="store_id"/>
        </constraint>
        <index referenceId="TRABAJOS_NEWS_HOME_STORE_ID" indexType="btree">
            <column name="store_id"/>
        </index>
        <index referenceId="TRABAJOS_NEWS_HOME_TITLE" indexType="fulltext">
            <column name="title"/>
        </index>
    </table>
</schema>
